|source|db_id|table_names_original|table_names|column_names_original|column_names|column_types|foreign_keys|primary_keys|info_lst
0|해양경찰청|publicdata_climate_3041|['C_STS_KCG_EQ_REPAIR_CO']|['해양경찰청 장비수리업체 현황']|[[-1, '*'], [0, 'CORPORATE_NMC'], [0, 'INDUSTRYD'], [0, 'ADDRESSE']]|[[-1, '*'], [0, '회사명'], [0, '업종'], [0, '주소']]|['text', 'text', 'text', 'text']|[]|[]|[['CORPORATE_NMC', '회사명', 'text'], ['INDUSTRYD', '업종', 'text'], ['ADDRESSE', '주소', 'text']]
1|행정안전부|publicdata_climate_2314|['STS_STEEP_SLOPE_MOIS']|['행정안전부 급경사지 현황']|[[-1, '*'], [0, 'MANAGEMENT_NUMV'], [0, 'STEEP_SLOPE_DESIGNATIONW'], [0, 'NM_ENFORCEMENT_AGENCYX'], [0, 'MANAGEMENT_SJ_CLASY'], [0, 'CITY_PROVINCEZ'], [0, 'C_C_C_D_Y'], [0, 'DETAILED_ADDRESSB'], [0, 'ROAD_LISTING_ADDRESSC'], [0, 'MOUNTAIN_ADDRESS_STAD'], [0, 'MAIN_STREET_NUME'], [0, 'SITE_NUMF']]|[[-1, '*'], [0, '관리번호'], [0, '급경사지명'], [0, '시행청명'], [0, '관리주체구분'], [0, '시도'], [0, '시군구'], [0, '상세주소'], [0, '도로명상세주소'], [0, '산주소여부'], [0, '주지번'], [0, '부지번']]|['text', 'number', 'text', 'text', 'text', 'text', 'text', 'text', 'text', 'text', 'number', 'number']|[]|[]|[['MANAGEMENT_NUMV', '관리번호', 'number'], ['STEEP_SLOPE_DESIGNATIONW', '급경사지명', 'text'], ['NM_ENFORCEMENT_AGENCYX', '시행청명', 'text'], ['MANAGEMENT_SJ_CLASY', '관리주체구분', 'text'], ['CITY_PROVINCEZ', '시도', 'text'], ['C_C_C_D_Y', '시군구', 'text'], ['DETAILED_ADDRESSB', '상세주소', 'text'], ['ROAD_LISTING_ADDRESSC', '도로명상세주소', 'text'], ['MOUNTAIN_ADDRESS_STAD', '산주소여부', 'text'], ['MAIN_STREET_NUME', '주지번', 'number'], ['SITE_NUMF', '부지번', 'number']]
2|환경부|publicdata_climate_5710|['ME_ENV_STS_SYS_ENV_STS_T_INFO']|['환경부 환경부 환경통계정보시스템 환경통계표 정보']|[[-1, '*'], [0, 'STATISTICS_ITEM_IDR'], [0, 'STATISTICAL_ITEM_NMS'], [0, 'STATISTICS_TABLE_IDT'], [0, 'S_R_VA'], [0, 'FIRST_RE_DTV']]|[[-1, '*'], [0, '통계항목 아이디'], [0, '통계항목명'], [0, '통계표 아이디'], [0, '통계표명'], [0, '최초 등록일']]|['text', 'text', 'text', 'text', 'text', 'text']|[]|[]|[['STATISTICS_ITEM_IDR', '통계항목 아이디', 'text'], ['STATISTICAL_ITEM_NMS', '통계항목명', 'text'], ['STATISTICS_TABLE_IDT', '통계표 아이디', 'text'], ['S_R_VA', '통계표명', 'text'], ['FIRST_RE_DTV', '최초 등록일', 'text']]
3|문화체육관광부 한국정책방송원|publicdata_culture_895|['MCSTKTV_POLICY_P_PROGRAM']|['문화체육관광부 한국정책방송원 KTV 정책공공 프로그램']|[[-1, '*'], [0, 'CONTENT_ID'], [0, 'TITLE'], [0, 'PROGRAM_ID'], [0, 'PROGRAM_NAME'], [0, 'CATEGORY_ID'], [0, 'CATEGORY_NAME'], [0, 'FULL_IMAGE_STATUS'], [0, 'THUMBNAIL_ADDRESS'], [0, 'LINK_ADDRESS'], [0, 'POP_UP_LINK_ADDRESS'], [0, 'NUMBER_VIEWS'], [0, 'PROGRAM_ROTATION'], [0, 'BROADCAST_DATE'], [0, 'BROADCAST_TIME_HOUR'], [0, 'BROADCAST_TIME_MINUTES'], [0, 'REGISTRATION_DATE']]|[[-1, '*'], [0, '콘텐츠아이디'], [0, '제목'], [0, '프로그램아이디'], [0, '프로그램명'], [0, '카테고리아이디'], [0, '카테고리명'], [0, '전체영상여부'], [0, '섬네일주소'], [0, '링크주소'], [0, '팝업링크주소'], [0, '조회수'], [0, '프로그램회차'], [0, '방송일'], [0, '방송시간 시'], [0, '방송시간 분'], [0, '등록일']]|['text', 'number', 'text', 'text', 'text', 'number', 'text', 'text', 'text', 'text', 'text', 'number', 'number', 'time', 'number', 'number', 'time']|[]|[]|[['CONTENT_ID', '콘텐츠아이디', 'number'], ['TITLE', '제목', 'text'], ['PROGRAM_ID', '프로그램아이디', 'text'], ['PROGRAM_NAME', '프로그램명', 'text'], ['CATEGORY_ID', '카테고리아이디', 'number'], ['CATEGORY_NAME', '카테고리명', 'text'], ['FULL_IMAGE_STATUS', '전체영상여부', 'text'], ['THUMBNAIL_ADDRESS', '섬네일주소', 'text'], ['LINK_ADDRESS', '링크주소', 'text'], ['POP_UP_LINK_ADDRESS', '팝업링크주소', 'text'], ['NUMBER_VIEWS', '조회수', 'number'], ['PROGRAM_ROTATION', '프로그램회차', 'number'], ['BROADCAST_DATE', '방송일', 'time'], ['BROADCAST_TIME_HOUR', '방송시간 시', 'number'], ['BROADCAST_TIME_MINUTES', '방송시간 분', 'number'], ['REGISTRATION_DATE', '등록일', 'time']]
4|행정안전부 국가기록원|publicdata_culture_5963|['REVISITING_MOIS_N_ARCHIVES_2002_FIFA_WORLD_CUP_CONTENT_DB']|['행정안전부 국가기록원 다시보는 2002년 FIFA 월드컵 콘텐츠 DB']|[[-1, '*'], [0, 'SORTATIONS'], [0, 'RECORDED_OBJECT_NMT'], [0, 'PRODUCTION_YEARU'], [0, 'PRODUCTION_AGENCYV'], [0, 'PATH_VIEW_ORIGINAL_TEXTW']]|[[-1, '*'], [0, '구분'], [0, '기록물명'], [0, '생산 연도'], [0, '생산기관'], [0, '원문 보기 경로']]|['text', 'text', 'text', 'number', 'text', 'text']|[]|[]|[['SORTATIONS', '구분', 'text'], ['RECORDED_OBJECT_NMT', '기록물명', 'text'], ['PRODUCTION_YEARU', '생산 연도', 'number'], ['PRODUCTION_AGENCYV', '생산기관', 'text'], ['PATH_VIEW_ORIGINAL_TEXTW', '원문 보기 경로', 'text']]
5|한국언론진흥재단|publicdata_culture_4832|['KPF_JOURNALISTS_SURVEY_STS_INTRODUCTION_52_HOUR_WORKWEEK']|['한국언론진흥재단 언론인조사통계 주52시간근무제도입현황']|[[-1, '*'], [0, 'SORTATIONM'], [0, 'M_CLASN'], [0, 'NUM_CASESO'], [0, 'E_5_H_W_H_B_W_M_S_L_W_I_E_Z'], [0, 'E_5_H_W_H_C_W_S_ZZ'], [0, 'E_5_H_W_H_R_N_W_VA'], [0, 'E_5_H_W_H_R_F_M_R_CV'], [0, 'E_5_H_W_R_W_DE'], [0, 'E_5_H_W_H_I_I_W_XZ'], [0, 'D_5_H_W_M_W_A_H_D_A'], [0, 'D_5_H_W_L_T_H_I_BB'], [0, 'E_5_H_W_H_I_Q_L_C']]|[[-1, '*'], [0, '구분'], [0, '중분류'], [0, '사례수'], [0, '법 시행 후 주 52시간 근무제가 잘 지켜지고 있다'], [0, '주 52시간 근무제로 인해 근무 체계가 변화되었다'], [0, '주 52시간 근무제로 인해 신규 인력이 보강되었다'], [0, '주 52시간 근무제로 인해 취재원을 만나는 횟수가 줄었다'], [0, '주 52시간 근무제로 인해 업무량이 줄어들었다'], [0, '주 52시간 근무제로 인해 업무강도가 높아졌다'], [0, '주 52시간 근무제로 인해 월 기준 근로수당이 감소하였다'], [0, '주 52시간 근무제로 인해 여가시간이 증가하였다'], [0, '주 52시간 근무제로 인해 삶의 질이 향상되는 데 도움이 됐다']]|['text', 'text', 'text', 'number', 'number', 'number', 'number', 'number', 'number', 'number', 'number', 'number', 'number']|[]|[]|[['SORTATIONM', '구분', 'text'], ['M_CLASN', '중분류', 'text'], ['NUM_CASESO', '사례수', 'number'], ['E_5_H_W_H_B_W_M_S_L_W_I_E_Z', '법 시행 후 주 52시간 근무제가 잘 지켜지고 있다', 'number'], ['E_5_H_W_H_C_W_S_ZZ', '주 52시간 근무제로 인해 근무 체계가 변화되었다', 'number'], ['E_5_H_W_H_R_N_W_VA', '주 52시간 근무제로 인해 신규 인력이 보강되었다', 'number'], ['E_5_H_W_H_R_F_M_R_CV', '주 52시간 근무제로 인해 취재원을 만나는 횟수가 줄었다', 'number'], ['E_5_H_W_R_W_DE', '주 52시간 근무제로 인해 업무량이 줄어들었다', 'number'], ['E_5_H_W_H_I_I_W_XZ', '주 52시간 근무제로 인해 업무강도가 높아졌다', 'number'], ['D_5_H_W_M_W_A_H_D_A', '주 52시간 근무제로 인해 월 기준 근로수당이 감소하였다', 'number'], ['D_5_H_W_L_T_H_I_BB', '주 52시간 근무제로 인해 여가시간이 증가하였다', 'number'], ['E_5_H_W_H_I_Q_L_C', '주 52시간 근무제로 인해 삶의 질이 향상되는 데 도움이 됐다', 'number']]
6|경상남도 김해시|publicdata_culture_12574|['C_STS_GNGH_CHILDREN_PLAY_FAC', 'C_STS_GNGH_OUTDOOR_SPORTS_EQ']|['경상남도 김해시 어린이 놀이시설 현황', '경상남도 김해시 야외운동기구 현황']|[[-1, '*'], [0, 'SERIAL_NUMB'], [0, 'FACILITY_NUMC'], [0, 'FACILITY_NMD'], [0, 'INS_DTE'], [0, 'ACQUISITION_DTF'], [0, 'PLACE_INSG'], [0, 'OPERATION_CLASH'], [0, 'MIN_GONG_BUNI'], [0, 'OBLIGATION_STAJ'], [0, 'INDOOR_OUTDOORK'], [0, 'INSPECTION_STAL'], [0, 'ROAD_NM_ADDRESSM'], [0, 'LAND_NUM_ADDRESSN'], [1, 'FACILITY_NMT'], [1, 'ADDRESSU'], [1, 'INSTRUMENT_QUANTITYV'], [1, 'INSTRUMENT_STAW'], [1, 'DEPARTMENT_CHARGEX']]|[[-1, '*'], [0, '연번'], [0, '시설번호'], [0, '시설명'], [0, '설치일자'], [0, '인수일자'], [0, '설치장소'], [0, '운영구분'], [0, '민공구분'], [0, '의무여부'], [0, '실내외'], [0, '검사여부'], [0, '도로명주소'], [0, '지번주소'], [1, '시설명'], [1, '주소'], [1, '기구수량'], [1, '기구현황'], [1, '담당부서']]|['text', 'number', 'number', 'text', 'time', 'time', 'text', 'text', 'text', 'text', 'text', 'text', 'text', 'text', 'text', 'text', 'number', 'text', 'text']|[[14, 3]]|[]|[['SERIAL_NUMB', '연번', 'number'], ['FACILITY_NUMC', '시설번호', 'number'], ['FACILITY_NMD', '시설명', 'text'], ['INS_DTE', '설치일자', 'time'], ['ACQUISITION_DTF', '인수일자', 'time'], ['PLACE_INSG', '설치장소', 'text'], ['OPERATION_CLASH', '운영구분', 'text'], ['MIN_GONG_BUNI', '민공구분', 'text'], ['OBLIGATION_STAJ', '의무여부', 'text'], ['INDOOR_OUTDOORK', '실내외', 'text'], ['INSPECTION_STAL', '검사여부', 'text'], ['ROAD_NM_ADDRESSM', '도로명주소', 'text'], ['LAND_NUM_ADDRESSN', '지번주소', 'text'], ['FACILITY_NMT', '시설명', 'text'], ['ADDRESSU', '주소', 'text'], ['INSTRUMENT_QUANTITYV', '기구수량', 'number'], ['INSTRUMENT_STAW', '기구현황', 'text'], ['DEPARTMENT_CHARGEX', '담당부서', 'text']]
7|경상북도교육청 경상북도예천교육지원청|publicdata_education_5093|['GBE_GB_YECHEON_O_EDU_C_STS_HAGWON']|['경상북도교육청 경상북도예천교육지원청 학원 교습소 현황']|[[-1, '*'], [0, 'SORTATIONE'], [0, 'NUMF'], [0, 'NM_ACADEMYG'], [0, 'ADDRESSH'], [0, 'PHONE_NUMI']]|[[-1, '*'], [0, '구분'], [0, '순번'], [0, '학원명'], [0, '주소'], [0, '전화번호']]|['text', 'text', 'number', 'text', 'text', 'text']|[]|[]|[['SORTATIONE', '구분', 'text'], ['NUMF', '순번', 'number'], ['NM_ACADEMYG', '학원명', 'text'], ['ADDRESSH', '주소', 'text'], ['PHONE_NUMI', '전화번호', 'text']]
8|충청남도 보령시|publicdata_education_390|['APP_LIBRARY_CLUBS_BORYEONG_CHUNGNAM']|['충청남도 보령시 도서관동아리방신청정보']|[[-1, '*'], [0, 'APPLICATION_DATE'], [0, 'APPLICATION_TIME'], [0, 'MEETING_NAME'], [0, 'PURPOSE_OF_USE'], [0, 'DATA_STANDARD_DATE']]|[[-1, '*'], [0, '신청일'], [0, '신청시간'], [0, '모임명'], [0, '사용목적'], [0, '데이터기준일자']]|['text', 'time', 'text', 'text', 'text', 'time']|[]|[]|[['APPLICATION_DATE', '신청일', 'time'], ['APPLICATION_TIME', '신청시간', 'text'], ['MEETING_NAME', '모임명', 'text'], ['PURPOSE_OF_USE', '사용목적', 'text'], ['DATA_STANDARD_DATE', '데이터기준일자', 'time']]
9|한국산업인력공단|publicdata_education_5088|['HRDK_HRD4U_CONTENT_STS']|['한국산업인력공단 HRD4U 콘텐츠 현황']|[[-1, '*'], [0, 'CONTENT_TYPEW'], [0, 'CONTENT_FIELDX'], [0, 'CONTENT_NMY'], [0, 'NEXT_NMZ'], [0, 'PRODUCTION_DTA'], [0, 'SOURCESB']]|[[-1, '*'], [0, '콘텐츠 유형'], [0, '콘텐츠 분야'], [0, '콘텐츠명'], [0, '차시명'], [0, '제작일'], [0, '출처']]|['text', 'text', 'text', 'text', 'text', 'text', 'text']|[]|[]|[['CONTENT_TYPEW', '콘텐츠 유형', 'text'], ['CONTENT_FIELDX', '콘텐츠 분야', 'text'], ['CONTENT_NMY', '콘텐츠명', 'text'], ['NEXT_NMZ', '차시명', 'text'], ['PRODUCTION_DTA', '제작일', 'text'], ['SOURCESB', '출처', 'text']]
10|경기도 광주시|publicdata_education_13524|['LIST_GGIC_POPULAR_BOOKS', 'GGGJ_BOOK_LOAN_INFO_STS']|['경기도 이천시 인기도서목록', '경기도 광주시 도서대출정보현황']|[[-1, '*'], [0, 'NUMQ'], [0, 'BOOK_NMR'], [0, 'AUTHORS'], [0, 'PUBLISHING_HOUSET'], [0, 'YEAR_ISSUE_YEARU'], [0, 'NUM_LOANSV'], [0, 'BASE_QUARTERW'], [1, 'CITY_COUNTY_NMM'], [1, 'LIBRARY_NMN'], [1, 'BOOK_NMO'], [1, 'I_S_B_N_Q'], [1, 'C_S_K_D_C_M_RC'], [1, 'DT_TIME_LOANR'], [1, 'DATA_BASE_DTS']]|[[-1, '*'], [0, '순번'], [0, '도서명'], [0, '저자'], [0, '출판사'], [0, '발행년도'], [0, '대출횟수'], [0, '기준분기'], [1, '시군명'], [1, '도서관명'], [1, '도서명'], [1, '국제표준도서번호'], [1, '분류기호 한국십진분류법'], [1, '대출일시'], [1, '데이터기준일자']]|['text', 'number', 'text', 'text', 'text', 'number', 'number', 'text', 'text', 'text', 'text', 'text', 'number', 'time', 'time']|[[10, 2]]|[]|[['NUMQ', '순번', 'number'], ['BOOK_NMR', '도서명', 'text'], ['AUTHORS', '저자', 'text'], ['PUBLISHING_HOUSET', '출판사', 'text'], ['YEAR_ISSUE_YEARU', '발행년도', 'number'], ['NUM_LOANSV', '대출횟수', 'number'], ['BASE_QUARTERW', '기준분기', 'text'], ['CITY_COUNTY_NMM', '시군명', 'text'], ['LIBRARY_NMN', '도서관명', 'text'], ['BOOK_NMO', '도서명', 'text'], ['I_S_B_N_Q', '국제표준도서번호', 'text'], ['C_S_K_D_C_M_RC', '분류기호 한국십진분류법', 'number'], ['DT_TIME_LOANR', '대출일시', 'time'], ['DATA_BASE_DTS', '데이터기준일자', 'time']]
11|경상북도|publicdata_healthcare_3922|['STS_GB_PSYCHIATRIC_INST_ETC']|['경상북도 정신의료기관 등 현황']|[[-1, '*'], [0, 'SERIAL_NUMJ'], [0, 'SORTATIONK'], [0, 'NM_ORGANIZATIONL'], [0, 'ADDRESSM'], [0, 'PHONE_NUMN']]|[[-1, '*'], [0, '연번'], [0, '구분'], [0, '기관명'], [0, '주소'], [0, '전화번호']]|['text', 'number', 'text', 'text', 'text', 'text']|[]|[]|[['SERIAL_NUMJ', '연번', 'number'], ['SORTATIONK', '구분', 'text'], ['NM_ORGANIZATIONL', '기관명', 'text'], ['ADDRESSM', '주소', 'text'], ['PHONE_NUMN', '전화번호', 'text']]
12|강원도 원주시|publicdata_healthcare_3046|['GWWJ_INSTANT_S_MANUFACTURING_PROCESSING_CO_INFO']|['강원도 원주시 즉석판매제조가공업체 정보']|[[-1, '*'], [0, 'BUSINESS_NMY'], [0, 'BUSINESS_NMZ'], [0, 'ROAD_NM_LOCA'], [0, 'LOCAL_TELEPHONE_NUMB'], [0, 'DATA_BASE_DTC']]|[[-1, '*'], [0, '업종명'], [0, '업소명'], [0, '소재지 도로명'], [0, '소재지전화'], [0, '데이터기준일']]|['text', 'text', 'text', 'text', 'text', 'time']|[]|[]|[['BUSINESS_NMY', '업종명', 'text'], ['BUSINESS_NMZ', '업소명', 'text'], ['ROAD_NM_LOCA', '소재지 도로명', 'text'], ['LOCAL_TELEPHONE_NUMB', '소재지전화', 'text'], ['DATA_BASE_DTC', '데이터기준일', 'time']]
13|한국항공우주연구원|publicdata_industrialeconomic_5599|['IMAGE_KARI_MAIN_HOMEPAGE']|['한국항공우주연구원 메인홈페이지 이미지']|[[-1, '*'], [0, 'TITLEH'], [0, 'SORTATIONI'], [0, 'PUBLIC_INTERESTJ'], [0, 'SAVED_FILESK'], [0, 'SERIAL_NUML'], [0, 'HORIZONTAL_RESOLUTIONM'], [0, 'VERTICAL_RESOLUTIONN'], [0, 'DISCLOSURE_STAO'], [0, 'NUM_VIEWSP'], [0, 'NUM_DOWNLOADSQ'], [0, 'RE_DTR'], [0, 'MODIFIED_DTS'], [0, 'MAIN_MARKING_STAT']]|[[-1, '*'], [0, '제목'], [0, '구분'], [0, '공공누리'], [0, '저장 파일명'], [0, '일련번호'], [0, '가로 해상도'], [0, '세로 해상도'], [0, '공개 여부'], [0, '조회 수'], [0, '다운로드 수'], [0, '등록 일자'], [0, '수정 일자'], [0, '메인 표기 여부']]|['text', 'text', 'text', 'text', 'text', 'number', 'number', 'number', 'text', 'number', 'number', 'text', 'text', 'text']|[]|[]|[['TITLEH', '제목', 'text'], ['SORTATIONI', '구분', 'text'], ['PUBLIC_INTERESTJ', '공공누리', 'text'], ['SAVED_FILESK', '저장 파일명', 'text'], ['SERIAL_NUML', '일련번호', 'number'], ['HORIZONTAL_RESOLUTIONM', '가로 해상도', 'number'], ['VERTICAL_RESOLUTIONN', '세로 해상도', 'number'], ['DISCLOSURE_STAO', '공개 여부', 'text'], ['NUM_VIEWSP', '조회 수', 'number'], ['NUM_DOWNLOADSQ', '다운로드 수', 'number'], ['RE_DTR', '등록 일자', 'text'], ['MODIFIED_DTS', '수정 일자', 'text'], ['MAIN_MARKING_STAT', '메인 표기 여부', 'text']]
14|경상남도 진주시|publicdata_transportation_3631|['GNJJ_BUS_INFO_GUIDE_I_STS']|['경상남도 진주시 버스정보안내기 설치현황']|[[-1, '*'], [0, 'NUMB'], [0, 'BUS_STOPC'], [0, 'NM_BUS_STOPD'], [0, 'DIRECTIONE'], [0, 'SORTATIONF'], [0, 'ADDRESSG'], [0, 'INS_YEARH'], [0, 'DATA_BASE_DTI']]|[[-1, '*'], [0, '순번'], [0, '정류장아이디'], [0, '정류장명칭'], [0, '방향'], [0, '구분'], [0, '주소'], [0, '설치년도'], [0, '데이터기준일']]|['text', 'number', 'number', 'text', 'text', 'text', 'text', 'text', 'time']|[]|[]|[['NUMB', '순번', 'number'], ['BUS_STOPC', '정류장아이디', 'number'], ['NM_BUS_STOPD', '정류장명칭', 'text'], ['DIRECTIONE', '방향', 'text'], ['SORTATIONF', '구분', 'text'], ['ADDRESSG', '주소', 'text'], ['INS_YEARH', '설치년도', 'text'], ['DATA_BASE_DTI', '데이터기준일', 'time']]
15|경기도 안양시|publicdata_transportation_2774|['C_STS_GGAY_SPACE_INFO_SYS_SPEED_BARRIER']|['경기도 안양시 공간정보시스템 과속방지턱 현황']|[[-1, '*'], [0, 'MANAGEMENT_NUMY'], [0, 'STORM_SURGEZ'], [0, 'EXTA'], [0, 'JURISDICTIONB'], [0, 'INS_DTC']]|[[-1, '*'], [0, '관리번호'], [0, '폭원'], [0, '연장'], [0, '관할지역'], [0, '설치일자']]|['text', 'number', 'number', 'number', 'text', 'time']|[]|[]|[['MANAGEMENT_NUMY', '관리번호', 'number'], ['STORM_SURGEZ', '폭원', 'number'], ['EXTA', '연장', 'number'], ['JURISDICTIONB', '관할지역', 'text'], ['INS_DTC', '설치일자', 'time']]
16|한국철도공사|publicdata_transportation_6671|['STS_KORAIL_FREIGHT_STATION']|['한국철도공사 화물역 현황']|[[-1, '*'], [0, 'AREAX'], [0, 'STATION_NMY']]|[[-1, '*'], [0, '지역'], [0, '역명']]|['text', 'text', 'text']|[]|[]|[['AREAX', '지역', 'text'], ['STATION_NMY', '역명', 'text']]
17|국제식물검역인증원|publicdata_transportation_618|['STS_AGM_INSPECTION_IPAB_VESSELS']|['국제식물검역인증원 선박 AGM 검사 현황 및 통계정보']|[[-1, '*'], [0, 'INSPECTION_YEAR'], [0, 'TYPE_SHIP'], [0, 'SHIP_WEIGHT'], [0, 'INSPECTION_FEE_KRW_1_000'], [0, 'NUMBER_CASES_DEFAULT'], [0, 'NUMBER_CASES_SURCHARGE']]|[[-1, '*'], [0, '검사년도'], [0, '선박 종류'], [0, '선박 중량'], [0, '검사수수료 천원'], [0, '건수 기본'], [0, '건수 할증']]|['text', 'number', 'text', 'text', 'number', 'number', 'number']|[]|[]|[['INSPECTION_YEAR', '검사년도', 'number'], ['TYPE_SHIP', '선박 종류', 'text'], ['SHIP_WEIGHT', '선박 중량', 'text'], ['INSPECTION_FEE_KRW_1_000', '검사수수료 천원', 'number'], ['NUMBER_CASES_DEFAULT', '건수 기본', 'number'], ['NUMBER_CASES_SURCHARGE', '건수 할증', 'number']]
18|한국도로공사|publicdata_transportation_10354|['EX_HI_PASS_TERMINAL_S_OFFICE_INFO', 'HIGH_PASS_UTILIZATION_RATIO_EX_S_OFFICE']|['한국도로공사 하이패스 단말기 영업소 정보', '한국도로공사 영업소별 하이패스 이용비율']|[[-1, '*'], [0, 'HEADQUARTERS'], [0, 'NAME'], [0, 'BUSINESS_CALL'], [0, 'PHONE_NUMBER'], [0, 'FAX_NUMBER'], [0, 'ZIP_CODE'], [0, 'ADDRESS'], [1, 'DIVISION'], [1, 'BUSINESS_OFFICE'], [1, 'HIGH_PASS_USAGE_RATE'], [1, 'NOTE']]|[[-1, '*'], [0, '본부명'], [0, '지사명'], [0, '영업소명'], [0, '전화번호'], [0, '팩스번호'], [0, '우편번호'], [0, '주소'], [1, '구분'], [1, '영업소'], [1, '하이패스 이용비율'], [1, '비고']]|['text', 'text', 'text', 'text', 'text', 'text', 'text', 'text', 'number', 'text', 'number', 'text']|[[9, 3]]|[]|[['HEADQUARTERS', '본부명', 'text'], ['NAME', '지사명', 'text'], ['BUSINESS_CALL', '영업소명', 'text'], ['PHONE_NUMBER', '전화번호', 'text'], ['FAX_NUMBER', '팩스번호', 'text'], ['ZIP_CODE', '우편번호', 'text'], ['ADDRESS', '주소', 'text'], ['DIVISION', '구분', 'number'], ['BUSINESS_OFFICE', '영업소', 'text'], ['HIGH_PASS_USAGE_RATE', '하이패스 이용비율', 'number'], ['NOTE', '비고', 'text']]
19|한국사회복지협의회|publicdata_welfare_5181|['INFO_KSSN_DOMESTIC_SOCIAL_CONTRIBUTION_RELATED_INST']|['한국사회복지협의회 국내 사회공헌 관련기관 정보']|[[-1, '*'], [0, 'GROUP_NMQ'], [0, 'NM_REPRESENTATIVER'], [0, 'REPRESENTATIVE_ADDRESSS']]|[[-1, '*'], [0, '단체명'], [0, '대표자명'], [0, '대표 주소']]|['text', 'text', 'text', 'text']|[]|[]|[['GROUP_NMQ', '단체명', 'text'], ['NM_REPRESENTATIVER', '대표자명', 'text'], ['REPRESENTATIVE_ADDRESSS', '대표 주소', 'text']]
20|경기도 시흥시|publicdata_welfare_3403|['STS_GG_SU_JOB_PRO_ELDERLY']|['경기도 시흥시 노인일자리사업현황']|[[-1, '*'], [0, 'PERFORMING_ORGANIZATIONN'], [0, 'TYPEO'], [0, 'BUSINESS_NMP'], [0, 'ASSIGNED_NUM_PEOPLEQ'], [0, 'CONTENTR'], [0, 'DATA_BASE_DTS']]|[[-1, '*'], [0, '수행기관'], [0, '유형'], [0, '사업명'], [0, '배정인원'], [0, '내용'], [0, '데이터 기준일자']]|['text', 'text', 'text', 'text', 'number', 'text', 'time']|[]|[]|[['PERFORMING_ORGANIZATIONN', '수행기관', 'text'], ['TYPEO', '유형', 'text'], ['BUSINESS_NMP', '사업명', 'text'], ['ASSIGNED_NUM_PEOPLEQ', '배정인원', 'number'], ['CONTENTR', '내용', 'text'], ['DATA_BASE_DTS', '데이터 기준일자', 'time']]
21|사립학교교직원연금공단|publicdata_welfare_232|['PERFORMANCE_TP_AFFILIATE_WELFARE_SERVICE']|['사립학교교직원연금공단 제휴복지 서비스 이용실적 무료법률자문서비스 제외']|[[-1, '*'], [0, 'DIVISION'], [0, 'REGION'], [0, 'COMPANY_NAME'], [0, 'Y_2020'], [0, 'Y_2021']]|[[-1, '*'], [0, '구분'], [0, '지역'], [0, '업체명'], [0, '2020'], [0, '2021']]|['text', 'text', 'text', 'text', 'number', 'number']|[]|[]|[['DIVISION', '구분', 'text'], ['REGION', '지역', 'text'], ['COMPANY_NAME', '업체명', 'text'], ['Y_2020', '2020', 'number'], ['Y_2021', '2021', 'number']]
22|서울특별시|seouldata_culture_3508|['L_O_C_A_L_D_A_T_A_041501_G_S']|['서울시 강서구 옥외광고업 인허가 정보']|[[-1, '*'], [0, 'OPNSFTEAMCODE'], [0, 'MGTNO'], [0, 'APVPERMYMD'], [0, 'APVCANCELYMD'], [0, 'TRDSTATEGBN'], [0, 'TRDSTATENM'], [0, 'DTLSTATEGBN'], [0, 'DTLSTATENM'], [0, 'DCBYMD'], [0, 'CLGSTDT'], [0, 'ROPNYMD'], [0, 'SITETEL'], [0, 'SITEPOSTNO'], [0, 'SITEWHLADDR'], [0, 'RDNWHLADDR'], [0, 'RDNPOSTNO'], [0, 'BPLCNM'], [0, 'LASTMODTS'], [0, 'UPDATEDT'], [0, 'UPTAENM'], [0, 'Y'], [0, 'TRDCTN']]|[[-1, '*'], [0, '개방자치단체코드'], [0, '관리번호'], [0, '인허가일자'], [0, '인허가취소일자'], [0, '영업상태코드'], [0, '영업상태명'], [0, '상세영업상태코드'], [0, '상세영업상태명'], [0, '폐업일자'], [0, '휴업시작일자'], [0, '재개업일자'], [0, '전화번호'], [0, '소재지우편번호'], [0, '지번주소'], [0, '도로명주소'], [0, '도로명우편번호'], [0, '사업장명'], [0, '최종수정일자'], [0, '데이터갱신일자'], [0, '업태구분명'], [0, '좌표정보 Y'], [0, '영업내용']]|['text', 'number', 'text', 'time', 'text', 'number', 'text', 'number', 'text', 'time', 'time', 'text', 'text', 'text', 'text', 'text', 'number', 'text', 'number', 'time', 'text', 'text', 'text']|[]|[]|[['OPNSFTEAMCODE', '개방자치단체코드', 'number'], ['MGTNO', '관리번호', 'text'], ['APVPERMYMD', '인허가일자', 'time'], ['APVCANCELYMD', '인허가취소일자', 'text'], ['TRDSTATEGBN', '영업상태코드', 'number'], ['TRDSTATENM', '영업상태명', 'text'], ['DTLSTATEGBN', '상세영업상태코드', 'number'], ['DTLSTATENM', '상세영업상태명', 'text'], ['DCBYMD', '폐업일자', 'time'], ['CLGSTDT', '휴업시작일자', 'time'], ['ROPNYMD', '재개업일자', 'text'], ['SITETEL', '전화번호', 'text'], ['SITEPOSTNO', '소재지우편번호', 'text'], ['SITEWHLADDR', '지번주소', 'text'], ['RDNWHLADDR', '도로명주소', 'text'], ['RDNPOSTNO', '도로명우편번호', 'number'], ['BPLCNM', '사업장명', 'text'], ['LASTMODTS', '최종수정일자', 'number'], ['UPDATEDT', '데이터갱신일자', 'time'], ['UPTAENM', '업태구분명', 'text'], ['Y', '좌표정보 Y', 'text'], ['TRDCTN', '영업내용', 'text']]
23|서울특별시|seouldata_education_5427|['NEIS_SCHOOL_INFO_DS']|['서울시 특수학교 기본정보']|[[-1, '*'], [0, 'ATPT_OFCDC_SC_CODE'], [0, 'ATPT_OFCDC_SC_NM'], [0, 'SD_SCHUL_CODE'], [0, 'SCHUL_NM'], [0, 'ENG_SCHUL_NM'], [0, 'SCHUL_KND_SC_NM'], [0, 'LCTN_SC_NM'], [0, 'FOND_SC_NM'], [0, 'ORG_RDNZC'], [0, 'ORG_RDNMA'], [0, 'ORG_RDNDA'], [0, 'HMPG_ADRES'], [0, 'ORG_FAXNO'], [0, 'INDST_SPECL_CCCCL_EXST_YN'], [0, 'HS_GNRL_BUSNS_SC_NM'], [0, 'ENE_BFE_SEHF_SC_NM'], [0, 'FOAS_MEMRD'], [0, 'LOAD_DTM']]|[[-1, '*'], [0, '시도교육청코드'], [0, '시도교육청명'], [0, '표준학교코드'], [0, '학교명'], [0, '영문학교명'], [0, '학교종류명'], [0, '소재지명'], [0, '설립명'], [0, '도로명우편번호'], [0, '도로명주소'], [0, '도로명상세주소'], [0, '홈페이지주소'], [0, '팩스번호'], [0, '산업체특별학급존재여부'], [0, '고등학교일반실업구분명'], [0, '입시전후기구분명'], [0, '개교기념일'], [0, '적재일시']]|['text', 'text', 'text', 'number', 'text', 'text', 'text', 'text', 'text', 'number', 'text', 'text', 'text', 'text', 'text', 'text', 'text', 'time', 'time']|[]|[]|[['ATPT_OFCDC_SC_CODE', '시도교육청코드', 'text'], ['ATPT_OFCDC_SC_NM', '시도교육청명', 'text'], ['SD_SCHUL_CODE', '표준학교코드', 'number'], ['SCHUL_NM', '학교명', 'text'], ['ENG_SCHUL_NM', '영문학교명', 'text'], ['SCHUL_KND_SC_NM', '학교종류명', 'text'], ['LCTN_SC_NM', '소재지명', 'text'], ['FOND_SC_NM', '설립명', 'text'], ['ORG_RDNZC', '도로명우편번호', 'number'], ['ORG_RDNMA', '도로명주소', 'text'], ['ORG_RDNDA', '도로명상세주소', 'text'], ['HMPG_ADRES', '홈페이지주소', 'text'], ['ORG_FAXNO', '팩스번호', 'text'], ['INDST_SPECL_CCCCL_EXST_YN', '산업체특별학급존재여부', 'text'], ['HS_GNRL_BUSNS_SC_NM', '고등학교일반실업구분명', 'text'], ['ENE_BFE_SEHF_SC_NM', '입시전후기구분명', 'text'], ['FOAS_MEMRD', '개교기념일', 'time'], ['LOAD_DTM', '적재일시', 'time']]
24|서울특별시|seouldata_education_4188|['CHILD_SCHOOL_BUILDING_SB']|['서울시 성북구 유치원 건물현황']|[[-1, '*'], [0, 'SB_OFFICEEDU'], [0, 'SUBOFFICEEDU'], [0, 'KINDERCODE'], [0, 'KINDERNAME'], [0, 'ESTABLISH'], [0, 'ARCHYY'], [0, 'FLOORCNT'], [0, 'BLDGPRUSAREA'], [0, 'GROTTAR'], [0, 'ADDR']]|[[-1, '*'], [0, '성북구 유치원 교육청명'], [0, '성북구 유치원 교육지원청명'], [0, '성북구 유치원 유치원코드'], [0, '유치원명'], [0, '설립유형'], [0, '건축년도'], [0, '건물층수'], [0, '건물전용면적'], [0, '대지총면적'], [0, '주소']]|['text', 'text', 'text', 'text', 'text', 'text', 'text', 'text', 'text', 'text', 'text']|[]|[]|[['SB_OFFICEEDU', '성북구 유치원 교육청명', 'text'], ['SUBOFFICEEDU', '성북구 유치원 교육지원청명', 'text'], ['KINDERCODE', '성북구 유치원 유치원코드', 'text'], ['KINDERNAME', '유치원명', 'text'], ['ESTABLISH', '설립유형', 'text'], ['ARCHYY', '건축년도', 'text'], ['FLOORCNT', '건물층수', 'text'], ['BLDGPRUSAREA', '건물전용면적', 'text'], ['GROTTAR', '대지총면적', 'text'], ['ADDR', '주소', 'text']]
25|서울특별시|seouldata_healthcare_2438|['GEUMCHEON_PUBLIC_HYGIENE_BIZ_LOC_MANAGE']|['서울시 금천구 공중위생업소 소재지별 운영 현황']|[[-1, '*'], [0, 'GC_FOOD_HYGIENE_CGG_CODE'], [0, 'GC_FOOD_HYGIENE_CGG_NM'], [0, 'REGN_NM'], [0, 'SNT_COB_NM'], [0, 'CNT']]|[[-1, '*'], [0, '금천구 공중위생업소 자치구코드'], [0, '금천구 공중위생업소 자치구명'], [0, '법정동명'], [0, '업종명'], [0, '업소수']]|['text', 'number', 'text', 'text', 'text', 'text']|[]|[]|[['GC_FOOD_HYGIENE_CGG_CODE', '금천구 공중위생업소 자치구코드', 'number'], ['GC_FOOD_HYGIENE_CGG_NM', '금천구 공중위생업소 자치구명', 'text'], ['REGN_NM', '법정동명', 'text'], ['SNT_COB_NM', '업종명', 'text'], ['CNT', '업소수', 'text']]
26|서울특별시|seouldata_industrialeconomic_1055|['GEO_INFO_DONG_DISTRICT_HEATING_USAGE2006_W_G_S']|['서울시 행정동별 지역난방 사용량 2006년 위치정보 좌표계 WGS1984']|[[-1, '*'], [0, 'OBJECTID'], [0, 'BASE_YEAR'], [0, 'ADM_DR_CD_NUMBER'], [0, 'ADM_DR_NM'], [0, 'HC_SUM_05'], [0, 'HC_SUM_06'], [0, 'LNG'], [0, 'LAT']]|[[-1, '*'], [0, '2006년 지역난방 사용량 고유번호'], [0, '기준연도'], [0, '2006년 지역난방 사용량 행정동 코드'], [0, '행정동명'], [0, '2005년사용량'], [0, '2006년사용량'], [0, '경도'], [0, '위도']]|['text', 'text', 'time', 'number', 'text', 'text', 'text', 'number', 'number']|[]|[]|[['OBJECTID', '2006년 지역난방 사용량 고유번호', 'text'], ['BASE_YEAR', '기준연도', 'time'], ['ADM_DR_CD_NUMBER', '2006년 지역난방 사용량 행정동 코드', 'number'], ['ADM_DR_NM', '행정동명', 'text'], ['HC_SUM_05', '2005년사용량', 'text'], ['HC_SUM_06', '2006년사용량', 'text'], ['LNG', '경도', 'number'], ['LAT', '위도', 'number']]
27|서울특별시|seouldata_industrialeconomic_3665|['L_O_C_A_L_D_A_T_A_082603_G_D']|['서울시 강동구 전화권유판매업 인허가 정보']|[[-1, '*'], [0, 'OPNSFTEAMCODE'], [0, 'MGTNO'], [0, 'APVPERMYMD'], [0, 'APVCANCELYMD'], [0, 'TRDSTATEGBN'], [0, 'TRDSTATENM'], [0, 'DTLSTATEGBN'], [0, 'DCBYMD'], [0, 'CLGSTDT'], [0, 'CLGENDDT'], [0, 'SITEAREA'], [0, 'SITEPOSTNO'], [0, 'SITEWHLADDR'], [0, 'RDNWHLADDR'], [0, 'RDNPOSTNO'], [0, 'BPLCNM'], [0, 'LASTMODTS'], [0, 'UPDATEGBN'], [0, 'UPDATEDT'], [0, 'X'], [0, 'Y'], [0, 'ASETSCP'], [0, 'BCTOTAM'], [0, 'CAPT'], [0, 'SILMETNM']]|[[-1, '*'], [0, '개방자치단체코드'], [0, '관리번호'], [0, '인허가일자'], [0, '인허가취소일자'], [0, '영업상태코드'], [0, '영업상태명'], [0, '상세영업상태코드'], [0, '폐업일자'], [0, '휴업시작일자'], [0, '휴업종료일자'], [0, '소재지면적'], [0, '소재지우편번호'], [0, '지번주소'], [0, '도로명주소'], [0, '도로명우편번호'], [0, '사업장명'], [0, '최종수정일자'], [0, '데이터갱신구분'], [0, '데이터갱신일자'], [0, '좌표정보 X'], [0, '좌표정보 Y'], [0, '자산규모'], [0, '부채총액'], [0, '자본금'], [0, '판매방식명']]|['text', 'number', 'number', 'time', 'time', 'number', 'text', 'number', 'time', 'time', 'time', 'text', 'number', 'text', 'text', 'number', 'text', 'number', 'text', 'time', 'text', 'text', 'text', 'text', 'text', 'text']|[]|[]|[['OPNSFTEAMCODE', '개방자치단체코드', 'number'], ['MGTNO', '관리번호', 'number'], ['APVPERMYMD', '인허가일자', 'time'], ['APVCANCELYMD', '인허가취소일자', 'time'], ['TRDSTATEGBN', '영업상태코드', 'number'], ['TRDSTATENM', '영업상태명', 'text'], ['DTLSTATEGBN', '상세영업상태코드', 'number'], ['DCBYMD', '폐업일자', 'time'], ['CLGSTDT', '휴업시작일자', 'time'], ['CLGENDDT', '휴업종료일자', 'time'], ['SITEAREA', '소재지면적', 'text'], ['SITEPOSTNO', '소재지우편번호', 'number'], ['SITEWHLADDR', '지번주소', 'text'], ['RDNWHLADDR', '도로명주소', 'text'], ['RDNPOSTNO', '도로명우편번호', 'number'], ['BPLCNM', '사업장명', 'text'], ['LASTMODTS', '최종수정일자', 'number'], ['UPDATEGBN', '데이터갱신구분', 'text'], ['UPDATEDT', '데이터갱신일자', 'time'], ['X', '좌표정보 X', 'text'], ['Y', '좌표정보 Y', 'text'], ['ASETSCP', '자산규모', 'text'], ['BCTOTAM', '부채총액', 'text'], ['CAPT', '자본금', 'text'], ['SILMETNM', '판매방식명', 'text']]
28|서울특별시|seouldata_industrialeconomic_2278|['L_O_C_A_L_D_A_T_A_020306_J_R']|['서울시 중랑구 동물판매업 인허가 정보']|[[-1, '*'], [0, 'OPNSFTEAMCODE'], [0, 'MGTNO'], [0, 'APVPERMYMD'], [0, 'APVCANCELYMD'], [0, 'TRDSTATEGBN'], [0, 'TRDSTATENM'], [0, 'DTLSTATEGBN'], [0, 'DTLSTATENM'], [0, 'DCBYMD'], [0, 'CLGSTDT'], [0, 'CLGENDDT'], [0, 'ROPNYMD'], [0, 'SITETEL'], [0, 'SITEAREA'], [0, 'SITEPOSTNO'], [0, 'SITEWHLADDR'], [0, 'RDNWHLADDR'], [0, 'RDNPOSTNO'], [0, 'BPLCNM'], [0, 'LASTMODTS'], [0, 'UPDATEGBN'], [0, 'UPDATEDT'], [0, 'UPTAENM'], [0, 'X'], [0, 'Y'], [0, 'LINDJOBGBNNM'], [0, 'LINDPRCBGBNNM'], [0, 'LINDSEQNO'], [0, 'TOTEPNUM']]|[[-1, '*'], [0, '개방자치단체코드'], [0, '관리번호'], [0, '인허가일자'], [0, '인허가취소일자'], [0, '영업상태코드'], [0, '영업상태명'], [0, '상세영업상태코드'], [0, '상세영업상태명'], [0, '폐업일자'], [0, '휴업시작일자'], [0, '휴업종료일자'], [0, '재개업일자'], [0, '전화번호'], [0, '소재지면적'], [0, '소재지우편번호'], [0, '지번주소'], [0, '도로명주소'], [0, '도로명우편번호'], [0, '사업장명'], [0, '최종수정일자'], [0, '데이터갱신구분'], [0, '데이터갱신일자'], [0, '업태구분명'], [0, '좌표정보 X'], [0, '좌표정보 Y'], [0, '축산업무구분명'], [0, '축산물가공업구분명'], [0, '축산일련번호'], [0, '총인원']]|['text', 'number', 'number', 'time', 'text', 'number', 'text', 'number', 'text', 'time', 'time', 'time', 'text', 'text', 'text', 'text', 'text', 'text', 'number', 'text', 'number', 'text', 'time', 'text', 'number', 'number', 'text', 'text', 'text', 'text']|[]|[]|[['OPNSFTEAMCODE', '개방자치단체코드', 'number'], ['MGTNO', '관리번호', 'number'], ['APVPERMYMD', '인허가일자', 'time'], ['APVCANCELYMD', '인허가취소일자', 'text'], ['TRDSTATEGBN', '영업상태코드', 'number'], ['TRDSTATENM', '영업상태명', 'text'], ['DTLSTATEGBN', '상세영업상태코드', 'number'], ['DTLSTATENM', '상세영업상태명', 'text'], ['DCBYMD', '폐업일자', 'time'], ['CLGSTDT', '휴업시작일자', 'time'], ['CLGENDDT', '휴업종료일자', 'time'], ['ROPNYMD', '재개업일자', 'text'], ['SITETEL', '전화번호', 'text'], ['SITEAREA', '소재지면적', 'text'], ['SITEPOSTNO', '소재지우편번호', 'text'], ['SITEWHLADDR', '지번주소', 'text'], ['RDNWHLADDR', '도로명주소', 'text'], ['RDNPOSTNO', '도로명우편번호', 'number'], ['BPLCNM', '사업장명', 'text'], ['LASTMODTS', '최종수정일자', 'number'], ['UPDATEGBN', '데이터갱신구분', 'text'], ['UPDATEDT', '데이터갱신일자', 'time'], ['UPTAENM', '업태구분명', 'text'], ['X', '좌표정보 X', 'number'], ['Y', '좌표정보 Y', 'number'], ['LINDJOBGBNNM', '축산업무구분명', 'text'], ['LINDPRCBGBNNM', '축산물가공업구분명', 'text'], ['LINDSEQNO', '축산일련번호', 'text'], ['TOTEPNUM', '총인원', 'text']]
29|서울특별시|seouldata_publicadministration_1292|['TB_PUBLIC_WIFI_INFO_G_B']|['서울시 강북구 공공와이파이 서비스 위치 정보']|[[-1, '*'], [0, 'X_SWIFI_MGR_NO'], [0, 'X_SWIFI_WRDOFC'], [0, 'X_SWIFI_MAIN_NM'], [0, 'X_SWIFI_ADRES1'], [0, 'X_SWIFI_ADRES2'], [0, 'X_SWIFI_INSTL_TY'], [0, 'X_SWIFI_INSTL_MBY'], [0, 'X_SWIFI_SVC_SE'], [0, 'X_SWIFI_CMCWR'], [0, 'X_SWIFI_CNSTC_YEAR'], [0, 'X_SWIFI_INOUT_DOOR'], [0, 'X_SWIFI_REMARS3']]|[[-1, '*'], [0, '관리번호'], [0, '자치구'], [0, '와이파이명'], [0, '도로명주소'], [0, '상세주소'], [0, '설치유형'], [0, '설치기관'], [0, '서비스구분'], [0, '망종류'], [0, '설치년도'], [0, '실내외구분'], [0, '와이파이접속환경']]|['text', 'text', 'text', 'text', 'text', 'text', 'text', 'text', 'text', 'text', 'time', 'text', 'text']|[]|[]|[['X_SWIFI_MGR_NO', '관리번호', 'text'], ['X_SWIFI_WRDOFC', '자치구', 'text'], ['X_SWIFI_MAIN_NM', '와이파이명', 'text'], ['X_SWIFI_ADRES1', '도로명주소', 'text'], ['X_SWIFI_ADRES2', '상세주소', 'text'], ['X_SWIFI_INSTL_TY', '설치유형', 'text'], ['X_SWIFI_INSTL_MBY', '설치기관', 'text'], ['X_SWIFI_SVC_SE', '서비스구분', 'text'], ['X_SWIFI_CMCWR', '망종류', 'text'], ['X_SWIFI_CNSTC_YEAR', '설치년도', 'time'], ['X_SWIFI_INOUT_DOOR', '실내외구분', 'text'], ['X_SWIFI_REMARS3', '와이파이접속환경', 'text']]
30|서울특별시|seouldata_publicadministration_1303|['TB_PUBLIC_WIFI_INFO_J_R']|['서울시 중랑구 공공와이파이 서비스 위치 정보']|[[-1, '*'], [0, 'X_SWIFI_MGR_NO'], [0, 'X_SWIFI_WRDOFC'], [0, 'X_SWIFI_MAIN_NM'], [0, 'X_SWIFI_ADRES1'], [0, 'X_SWIFI_ADRES2'], [0, 'X_SWIFI_INSTL_TY'], [0, 'X_SWIFI_SVC_SE'], [0, 'X_SWIFI_CNSTC_YEAR'], [0, 'X_SWIFI_INOUT_DOOR'], [0, 'LAT'], [0, 'LNT']]|[[-1, '*'], [0, '관리번호'], [0, '자치구'], [0, '와이파이명'], [0, '도로명주소'], [0, '상세주소'], [0, '설치유형'], [0, '서비스구분'], [0, '설치년도'], [0, '실내외구분'], [0, 'X좌표'], [0, 'Y좌표']]|['text', 'text', 'text', 'text', 'text', 'text', 'text', 'text', 'time', 'text', 'number', 'number']|[]|[]|[['X_SWIFI_MGR_NO', '관리번호', 'text'], ['X_SWIFI_WRDOFC', '자치구', 'text'], ['X_SWIFI_MAIN_NM', '와이파이명', 'text'], ['X_SWIFI_ADRES1', '도로명주소', 'text'], ['X_SWIFI_ADRES2', '상세주소', 'text'], ['X_SWIFI_INSTL_TY', '설치유형', 'text'], ['X_SWIFI_SVC_SE', '서비스구분', 'text'], ['X_SWIFI_CNSTC_YEAR', '설치년도', 'time'], ['X_SWIFI_INOUT_DOOR', '실내외구분', 'text'], ['LAT', 'X좌표', 'number'], ['LNT', 'Y좌표', 'number']]
31|서울특별시|seouldata_transportation_846|['V_GTPA_INSTL_INFO']|['서울시 녹색교통지역 자동차통행관리 통합플랫폼 시설물 정보']|[[-1, '*'], [0, 'SEQ'], [0, 'BHF_ID'], [0, 'BHF_NM'], [0, 'INSTL_ADRES'], [0, 'INSTL_LO'], [0, 'INSTL_LA'], [0, 'FCLTS_CD'], [0, 'UPDT_DE']]|[[-1, '*'], [0, '자료 일련번호'], [0, '지점 아이디'], [0, '지점 명'], [0, '시설물 주소'], [0, '시설물 위도'], [0, '시설물 경도'], [0, '시설물 유형 A 단속카메라 C VMS확인용 CCTV V VMS전광판'], [0, '갱신일자']]|['text', 'text', 'text', 'text', 'text', 'number', 'number', 'text', 'time']|[]|[]|[['SEQ', '자료 일련번호', 'text'], ['BHF_ID', '지점 아이디', 'text'], ['BHF_NM', '지점 명', 'text'], ['INSTL_ADRES', '시설물 주소', 'text'], ['INSTL_LO', '시설물 위도', 'number'], ['INSTL_LA', '시설물 경도', 'number'], ['FCLTS_CD', '시설물 유형 A 단속카메라 C VMS확인용 CCTV V VMS전광판', 'text'], ['UPDT_DE', '갱신일자', 'time']]
32|서울특별시|seouldata_transportation_5235|['TB_OPENDATA_FIXEDCCTV_G_D']|['서울시 강동구 불법주정차 위반 단속 CCTV 위치정보']|[[-1, '*'], [0, 'ADRES'], [0, 'LATITUDE'], [0, 'LONGITUDE'], [0, 'PSTINST_CD'], [0, 'REGLT_SPOT_NM'], [0, 'GD_SPT_KIND_CD']]|[[-1, '*'], [0, '고정형CCTV지번주소'], [0, '위도'], [0, '경도'], [0, '강동구 자치구'], [0, '단속지점명'], [0, '현장구분']]|['text', 'text', 'number', 'text', 'text', 'text', 'text']|[]|[]|[['ADRES', '고정형CCTV지번주소', 'text'], ['LATITUDE', '위도', 'number'], ['LONGITUDE', '경도', 'text'], ['PSTINST_CD', '강동구 자치구', 'text'], ['REGLT_SPOT_NM', '단속지점명', 'text'], ['GD_SPT_KIND_CD', '현장구분', 'text']]
33|서울인구관|seoulpopulation_publicadministration_3|['POP_003']|['5세별 연도별 성 연령별 인구 동별']|[[-1, '*'], [0, 'STATS_YR'], [0, 'SIGUNGU_NM'], [0, 'EPMNDN_NM'], [0, 'SEX_NM'], [0, 'AGEGRD_NM'], [0, 'POPL_CNT'], [0, 'ADMDONG_CD'], [0, 'AGEGRD_CD']]|[[-1, '*'], [0, '통계 연도'], [0, '시군구명'], [0, '읍면동명'], [0, '성별'], [0, '나이대'], [0, '인구 수'], [0, '행정동 코드'], [0, '나이대 코드']]|['text', 'text', 'text', 'text', 'text', 'text', 'number', 'text', 'number']|[]|[]|[['STATS_YR', '통계 연도', 'text'], ['SIGUNGU_NM', '시군구명', 'text'], ['EPMNDN_NM', '읍면동명', 'text'], ['SEX_NM', '성별', 'text'], ['AGEGRD_NM', '나이대', 'text'], ['POPL_CNT', '인구 수', 'number'], ['ADMDONG_CD', '행정동 코드', 'text'], ['AGEGRD_CD', '나이대 코드', 'number']]
34|서울인구관|seoulpopulation_publicadministration_21|['POP_021']|['구별출생아수']|[[-1, '*'], [0, 'STATS_YR'], [0, 'SIGUNGU_NM'], [0, 'AGEGRD_NM'], [0, 'BIRTH_CNT'], [0, 'AGEGRD_CD'], [0, 'ADMDONG_CD']]|[[-1, '*'], [0, '통계 연도'], [0, '시군구명'], [0, '나이대'], [0, '출생아 수'], [0, '나이대 코드'], [0, '행정동 코드']]|['text', 'text', 'text', 'text', 'number', 'number', 'text']|[]|[]|[['STATS_YR', '통계 연도', 'text'], ['SIGUNGU_NM', '시군구명', 'text'], ['AGEGRD_NM', '나이대', 'text'], ['BIRTH_CNT', '출생아 수', 'number'], ['AGEGRD_CD', '나이대 코드', 'number'], ['ADMDONG_CD', '행정동 코드', 'text']]
